{"count":1,"self":132.96185599999998,"total":134.3230227,"children":{"InitializeActuators":{"count":2,"self":0.0009998,"total":0.0009998,"children":null},"InitializeSensors":{"count":2,"self":0.0030001999999999997,"total":0.0030001999999999997,"children":null},"AgentSendState":{"count":6391,"self":0.2610456,"total":0.2970555,"children":{"CollectObservations":{"count":1280,"self":0.009001,"total":0.009001,"children":null},"WriteActionMask":{"count":1280,"self":0.0029993999999999997,"total":0.0029993999999999997,"children":null},"RequestDecision":{"count":1280,"self":0.0240095,"total":0.0240095,"children":null}}},"DecideAction":{"count":6391,"self":0.79207129999999992,"total":0.80907319999999994,"children":{"RayPerceptionSensor.Perceive":{"count":2560,"self":0.0170019,"total":0.0170019,"children":null}}},"AgentAct":{"count":6391,"self":0.24903779999999998,"total":0.24903779999999998,"children":null}},"gauges":{"Hunter.CumulativeReward":{"count":6,"max":37.0639534,"min":-26.6799641,"runningAverage":-14.1966085,"value":-26.6799641,"weightedAverage":-13.12781}},"metadata":{"timer_format_version":"0.1.0","start_time_seconds":"1637808052","unity_version":"2020.3.18f1","command_line_arguments":"F:\\AllProyectsUnity\\2020.3.18f1\\Editor\\Unity.exe -projectpath C:\/Proyectos\/Proyecto4 -useHub -hubIPC -cloudEnvironment production -hubSessionId 08a854b0-4d73-11ec-939c-a9e2a2ac2880 -accessToken bCHVrKvGBXi-6MYS6zWtBJf0mb-8FPqXIK_N5_b6KaE004f","communication_protocol_version":"1.5.0","com.unity.ml-agents_version":"2.1.0-exp.1","scene_name":"Main 1","end_time_seconds":"1637808186"}}